A319,2801
A320,4K-AZ80
A320,4R-ABN
A320,4R-ABO
A320,4R-ABP
A321,4R-ABR
A320,4X-ABF
A320,4X-ABI
A320,5A-LAP
A320,5A-ONA
A319,5A-WLB
A319,9A-CTG
A319,9A-CTI
A320,9A-CTJ
A320,9A-CTK
A319,9A-CTL
A320,9A-SLA
A320,9H-AEI
A320,9H-AEK
A319,9H-AEL
A319,9H-AEM
A320,9H-AEO
A320,9H-AEP
A320,9H-AEQ
A320,9M-AFB
A320,9M-AFC
A320,9M-AFD
A320,9M-AFE
A320,9M-AFF
A320,9M-AFG
A320,9M-AFI
A320,9M-AFO
A320,9M-AFP
A320,9M-AFS
A320,9M-AFT
A320,9M-AFU
A320,9M-AFV
A320,9M-AFW
A320,9M-AHA
A320,9M-AHD
A320,9M-AHE
A320,9M-AHF
A320,9M-AHH
A320,9M-AHM
A320,9M-AHP
A320,9M-AHQ
A320,9M-AHR
A320,9M-AHS
A320,9M-AHT
A320,9M-AHV
A320,9M-AHY
A320,9M-AHZ
A320,9M-AJA
A320,9M-AJD
A320,9M-AJG
A320,9M-AJH
A320,9M-AJJ
A320,9M-AJL
A320,9M-AJM
A320,9M-AJP
A320,9M-AJQ
A320,9M-AJR
A320,9M-AJS
A320,9M-AJV
A320,9M-AJW
A320,9M-AJY
A320,9M-AJZ
A320,9M-AQA
A320,9M-AQC
A320,9M-AQD
A320,9M-AQE
A320,9M-AQF
A320,9M-AQH
A320,9M-AQI
A320,9M-AQN
A320,9M-AQO
A320,9M-AQP
A320,9M-AQQ
A320,9M-AQR
A320,9M-AQS
A320,9M-AQU
A320,9M-AQV
A320,9M-AQX
A320,9M-AQY
A320,9M-AQZ
A320,9V-JSA
A320,9V-JSB
A320,9V-JSE
A320,9V-JSI
A320,9V-JSJ
A320,9V-JSK
A320,9V-JSL
A320,9V-JSM
A320,9V-JSN
A320,9V-JSO
A320,9V-JSQ
A320,9V-JSU
A319,9V-SBE
A319,9V-SBG
A319,9V-SBH
A320,9V-SLG
A320,9V-SLI
A320,9V-SLJ
A320,9V-SLK
A320,9V-SLL
A320,9V-SLO
A320,9V-SLP
A320,9V-SLQ
A320,9V-SLS
A320,9V-TAE
A320,9V-TAF
A320,9V-TAN
A320,9V-TAO
A320,9V-TAQ
A320,9V-TAS
A320,9V-TAT
A320,9V-TAU
A320,9V-TAV
A320,9V-TAZ
A320,9V-TJR
A319,9V-TRA
A320,9V-TRD
A320,9V-TRH
A320,9V-TRI
A320,9V-TRM
A320,9V-TRN
A320,9V-TRW
A320,9V-TRX
A321,A6-AEB
A320,A6-ANN
A320,A6-ANY
A320,A6-AOH
A320,A6-EIU
A320,A7-ADC
A320,A7-ADD
A320,A9C-AJ
A320,A9C-AN
A320,A9C-AO
A320,A9C-AP
A321,A9C-CF
A320,AP-EDH
A321,B-16206
A321,B-16208
A320,B-1653
A321,B-22607
A320,B-50001
A319,B-6158
A319,B-6202
A319,B-6208
A320,B-6269
A321,B-6271
A320,B-6283
A321,B-6345
A321,B-6593
A321,B-6660
A321,B-6741
A320,B-6769
A320,B-6895
A320,B-6909
A320,B-9928
A320,B-LCH
A319,B-MAK
A320,C-FDCA
A320,C-FDQQ
A320,C-FDQV
A320,C-FDRH
A320,C-FDRK
A320,C-FDRP
A320,C-FDSN
A320,C-FDST
A320,C-FDSU
A320,C-FFWI
A320,C-FFWJ
A320,C-FFWM
A320,C-FFWN
A320,C-FGJI
A320,C-FGKH
A321,C-FGKN
A321,C-FGKP
A321,C-FGKZ
A320,C-FGYL
A320,C-FGYS
A321,C-FJNX
A321,C-FJOK
A321,C-FJOU
A321,C-FJQD
A321,C-FJQH
A321,C-FJQL
A320,C-FKCR
A320,C-FKOJ
A320,C-FKPT
A321,C-FLKX
A320,C-FLSS
A320,C-FLSU
A320,C-FMSX
A320,C-FNVU
A320,C-FNVV
A320,C-FPDN
A320,C-FPWD
A320,C-FPWE
A320,C-FTJO
A320,C-FTJR
A320,C-FXCD
A319,C-FYIY
A319,C-FYJE
A319,C-FYJG
A319,C-FYJH
A319,C-FYJP
A319,C-FYKR
A319,C-FYKW
A319,C-FYNS
A320,C-FZQS
A320,C-FZUB
A319,C-FZUJ
A319,C-FZUL
A319,C-GAPY
A319,C-GAQL
A319,C-GAQX
A319,C-GAQZ
A319,C-GARJ
A319,C-GARO
A319,C-GBHM
A319,C-GBHO
A319,C-GBHR
A319,C-GBHY
A319,C-GBHZ
A319,C-GBIJ
A319,C-GBIK
A319,C-GBIM
A319,C-GBIN
A319,C-GBIP
A319,C-GITP
A319,C-GITR
A321,C-GITU
A321,C-GITY
A321,C-GIUB
A321,C-GIUE
A321,C-GIUF
A320,C-GJVT
A321,C-GJVX
A319,C-GJVY
A321,C-GJWD
A321,C-GJWI
A321,C-GJWN
A321,C-GJWO
A319,C-GKOB
A320,C-GKOE
A320,C-GPWG
A320,C-GQCA
A319,C-GSJB
A320,CC-BAF
A320,CC-BAJ
A319,CC-COX
A320,CN-NMG
A320,CN-NMH
A320,CN-NMJ
A321,CS-TJE
A320,CS-TKQ
A320,CS-TMW
A320,CS-TNG
A320,CS-TNH
A320,CS-TNJ
A320,CS-TNL
A320,CS-TNM
A320,CS-TNN
A320,CS-TNP
A320,CS-TNQ
A320,CS-TNR
A320,CS-TNS
A320,CS-TNU
A320,CS-TNV
A320,CS-TNW
A320,CS-TNX
A319,CS-TTA
A319,CS-TTB
A319,CS-TTC
A319,CS-TTD
A319,CS-TTF
A319,CS-TTG
A319,CS-TTH
A319,CS-TTI
A319,CS-TTK
A319,CS-TTM
A319,CS-TTO
A319,CS-TTP
A319,CS-TTR
A319,CS-TTS
A319,CS-TTU
A319,CS-TTV
A321,D-ABCA
A321,D-ABCB
A321,D-ABCC
A321,D-ABCF
A321,D-ABCG
A321,D-ABCH
A321,D-ABCI
A321,D-ABCJ
A321,D-ABCK
A321,D-ABCL
A321,D-ABCM
A321,D-ABCN
A321,D-ABCO
A321,D-ABCP
A321,D-ABCQ
A321,D-ABCR
A320,D-ABDB
A320,D-ABDQ
A320,D-ABDU
A320,D-ABDW
A320,D-ABDY
A320,D-ABFC
A320,D-ABFE
A320,D-ABFF
A320,D-ABFG
A320,D-ABFK
A320,D-ABFO
A319,D-ABGQ
A319,D-ABGS
A320,D-ABNE
A320,D-ABNF
A320,D-ABNH
A320,D-ABNI
A320,D-ABNJ
A320,D-ABNK
A320,D-ABNL
A320,D-ABNM
A320,D-ABNN
A320,D-ABNO
A320,D-ABNQ
A320,D-ABNT
A320,D-ABNU
A320,D-ABNV
A320,D-ABNW
A320,D-ABNX
A320,D-ABNY
A320,D-ABZA
A320,D-ABZB
A320,D-ABZC
A320,D-ABZF
A320,D-ABZJ
A320,D-ABZK
A320,D-ABZL
A320,D-ABZN
A320,D-AEWA
A320,D-AEWB
A320,D-AEWC
A320,D-AEWD
A320,D-AEWE
A320,D-AEWF
A320,D-AEWG
A319,D-AGWA
A319,D-AGWB
A319,D-AGWC
A319,D-AGWD
A319,D-AGWE
A319,D-AGWF
A319,D-AGWG
A319,D-AGWH
A319,D-AGWI
A319,D-AGWK
A319,D-AGWL
A319,D-AGWM
A319,D-AGWN
A319,D-AGWO
A319,D-AGWP
A319,D-AGWQ
A319,D-AGWR
A319,D-AGWS
A319,D-AGWT
A319,D-AGWU
A319,D-AGWV
A319,D-AGWW
A319,D-AGWX
A319,D-AGWY
A319,D-AGWZ
A321,D-AIAA
A321,D-AIAC
A321,D-AIAD
A321,D-AIAE
A321,D-AIAG
A321,D-AIAH
A319,D-AIBA
A319,D-AIBB
A319,D-AIBC
A319,D-AIBD
A319,D-AIBE
A319,D-AIBF
A319,D-AIBG
A319,D-AIBH
A319,D-AIBI
A319,D-AIBJ
A320,D-AICA
A320,D-AICC
A320,D-AICD
A320,D-AICF
A320,D-AICG
A320,D-AICH
A320,D-AICK
A320,D-AICL
A321,D-AIDA
A321,D-AIDB
A321,D-AIDC
A321,D-AIDE
A321,D-AIDF
A321,D-AIDG
A321,D-AIDH
A321,D-AIDL
A321,D-AIDM
A321,D-AIDO
A321,D-AIDQ
A321,D-AIDT
A321,D-AIDU
A321,D-AIDV
A321,D-AIDW
A321,D-AIDX
A319,D-AILA
A319,D-AILB
A319,D-AILC
A319,D-AILD
A319,D-AILE
A319,D-AILF
A319,D-AILH
A319,D-AILI
A319,D-AILK
A319,D-AILL
A319,D-AILM
A319,D-AILN
A319,D-AILP
A319,D-AILR
A319,D-AILS
A319,D-AILT
A319,D-AILU
A319,D-AILW
A319,D-AILX
A319,D-AILY
A320,D-AINA
A320,D-AINB
A320,D-AIPA
A320,D-AIPC
A320,D-AIPD
A320,D-AIPE
A320,D-AIPH
A320,D-AIPK
A320,D-AIPM
A320,D-AIPP
A320,D-AIPR
A320,D-AIPT
A320,D-AIPU
A320,D-AIPW
A320,D-AIPY
A320,D-AIQB
A320,D-AIQC
A320,D-AIQE
A320,D-AIQF
A320,D-AIQH
A320,D-AIQK
A320,D-AIQL
A320,D-AIQN
A320,D-AIQP
A320,D-AIQR
A320,D-AIQS
A320,D-AIQT
A320,D-AIQU
A320,D-AIQW
A321,D-AIRA
A321,D-AIRB
A321,D-AIRC
A321,D-AIRE
A321,D-AIRH
A321,D-AIRK
A321,D-AIRM
A321,D-AIRN
A321,D-AIRO
A321,D-AIRP
A321,D-AIRR
A321,D-AIRS
A321,D-AIRW
A321,D-AIRX
A321,D-AIRY
A321,D-AISC
A321,D-AISD
A321,D-AISE
A321,D-AISF
A321,D-AISG
A321,D-AISH
A321,D-AISI
A321,D-AISJ
A321,D-AISK
A321,D-AISL
A321,D-AISO
A321,D-AISP
A321,D-AISQ
A321,D-AISR
A321,D-AIST
A321,D-AISU
A321,D-AISV
A321,D-AISW
A321,D-AISX
A321,D-AISZ
A320,D-AIUA
A320,D-AIUC
A320,D-AIUD
A320,D-AIUE
A320,D-AIUF
A320,D-AIUG
A320,D-AIUH
A320,D-AIUI
A320,D-AIUJ
A320,D-AIUK
A320,D-AIUL
A320,D-AIUM
A320,D-AIUN
A320,D-AIUO
A320,D-AIUQ
A320,D-AIUR
A320,D-AIUS
A320,D-AIUT
A320,D-AIUU
A320,D-AIZA
A320,D-AIZB
A320,D-AIZC
A320,D-AIZD
A320,D-AIZE
A320,D-AIZF
A320,D-AIZG
A320,D-AIZH
A320,D-AIZJ
A320,D-AIZK
A320,D-AIZL
A320,D-AIZM
A320,D-AIZN
A320,D-AIZO
A320,D-AIZP
A320,D-AIZQ
A320,D-AIZR
A320,D-AIZS
A320,D-AIZU
A320,D-AIZV
A320,D-AIZW
A320,D-AIZX
A320,D-AIZY
A320,D-AIZZ
A319,D-AKNF
A319,D-AKNG
A319,D-AKNH
A319,D-AKNI
A319,D-AKNJ
A319,D-AKNK
A319,D-AKNL
A319,D-AKNN
A319,D-AKNO
A319,D-AKNP
A319,D-AKNQ
A319,D-AKNS
A319,D-AKNT
A319,D-AKNU
A321,D-ALSA
A321,D-ALSB
A321,D-ALSC
A320,D-ASPG
A319,D-ASTA
A319,D-ASTB
A319,D-ASTC
A321,D-ASTE
A319,D-ASTR
A319,D-ASTT
A321,D-ASTW
A319,D-ASTX
A319,D-ASTY
A319,D-ASTZ
A319,EC-HGR
A319,EC-HKO
A320,EC-HTD
A321,EC-HUH
A320,EC-ILQ
A321,EC-IXD
A320,EC-IZR
A319,EC-JAZ
A319,EC-JDL
A321,EC-JDR
A319,EC-JEI
A320,EC-JFG
A321,EC-JLI
A321,EC-JNI
A321,EC-JRE
A320,EC-JSY
A320,EC-JTQ
A320,EC-JTR
A319,EC-JVE
A319,EC-JXJ
A319,EC-JXV
A320,EC-JYX
A320,EC-JZI
A321,EC-JZM
A319,EC-KBX
A320,EC-KCU
A320,EC-KDG
A320,EC-KDH
A320,EC-KDT
A320,EC-KDX
A320,EC-KHN
A319,EC-KMD
A320,EC-KMI
A320,EC-KOH
A320,EC-LAA
A320,EC-LEA
A319,EC-LEI
A320,EC-LKG
A320,EC-LLE
A320,EC-LOB
A320,EC-LOC
A320,EC-LOP
A320,EC-LQK
A320,EC-LQL
A320,EC-LQN
A320,EC-LRA
A320,EC-LRM
A320,EC-LRY
A320,EC-LSA
A320,EC-LUC
A320,EC-LUN
A320,EC-LVA
A320,EC-LVB
A320,EC-LVC
A320,EC-LVD
A320,EC-LVO
A320,EC-LVS
A320,EC-LVV
A320,EC-LVX
A320,EC-LXQ
A320,EC-LZD
A320,EC-LZE
A320,EC-MAH
A320,EC-MAI
A320,EC-MAN
A320,EC-MAO
A320,EC-MAX
A320,EC-MBD
A320,EC-MBE
A320,EC-MBF
A320,EC-MBL
A320,EC-MBM
A320,EC-MBS
A320,EC-MBT
A320,EC-MBU
A320,EC-MBY
A320,EC-MCB
A320,EC-MCS
A320,EC-MCU
A320,EC-MDK
A320,EC-MDZ
A320,EC-MEA
A320,EC-MEL
A320,EC-MEQ
A320,EC-MES
A320,EC-MFK
A320,EC-MFN
A319,EC-MFO
A319,EC-MFP
A320,EC-MGE
A321,EC-MGY
A321,EC-MGZ
A321,EC-MHA
A319,EC-MIQ
A320,EC-MJB
A320,EC-MKO
A319,EC-MKX
A321,EC-MLD
A321,EI-CPE
A320,EI-CVA
A320,EI-CVB
A320,EI-CVC
A320,EI-DEA
A320,EI-DEB
A320,EI-DEE
A320,EI-DEG
A320,EI-DEH
A320,EI-DEI
A320,EI-DEJ
A320,EI-DEK
A320,EI-DEL
A320,EI-DEN
A320,EI-DEO
A320,EI-DEP
A320,EI-DES
A320,EI-DSC
A320,EI-DSE
A320,EI-DSU
A320,EI-DSW
A320,EI-DSX
A320,EI-DSY
A320,EI-DTA
A320,EI-DTB
A320,EI-DTD
A320,EI-DTE
A320,EI-DTG
A320,EI-DTH
A320,EI-DTI
A320,EI-DTJ
A320,EI-DTK
A320,EI-DTN
A320,EI-DTO
A320,EI-DVE
A320,EI-DVG
A320,EI-DVH
A320,EI-DVI
A320,EI-DVJ
A320,EI-DVK
A320,EI-DVL
A320,EI-DVM
A320,EI-DVN
A320,EI-EDP
A320,EI-EIA
A320,EI-EID
A320,EI-EIE
A319,EI-EYL
A319,EI-EYM
A319,EI-EZC
A319,EI-EZD
A320,EI-EZV
A320,EI-EZW
A319,EI-FML
A319,EI-FMT
A319,EI-FMU
A319,EI-FMY
A320,EI-IKB
A320,EI-IKF
A319,EI-IMC
A319,EI-IMG
A319,EI-IMH
A319,EI-IMI
A319,EI-IMJ
A319,EI-IMM
A319,EI-IMO
A319,EI-IMP
A319,EI-IMR
A319,EI-IMS
A319,EI-IMT
A319,EI-IMV
A319,EI-IMW
A319,EI-IMX
A321,EI-IXH
A319,ER-AXL
A320,ER-AXO
A320,ER-AXP
A320,ER-AXV
A320,ES-SAK
A320,ES-SAM
A320,F-GFKY
A320,F-GHQM
A320,F-GKXA
A320,F-GKXC
A320,F-GKXE
A320,F-GKXI
A320,F-GKXJ
A320,F-GKXK
A320,F-GKXL
A320,F-GKXM
A320,F-GKXO
A320,F-GKXP
A320,F-GKXR
A320,F-GKXS
A320,F-GKXY
A320,F-GKXZ
A321,F-GMZA
A321,F-GMZB
A321,F-GMZC
A321,F-GMZD
A321,F-GMZE
A319,F-GPMA
A319,F-GPMB
A319,F-GPMD
A319,F-GPME
A319,F-GPMF
A319,F-GRHB
A319,F-GRHE
A319,F-GRHF
A319,F-GRHG
A319,F-GRHH
A319,F-GRHI
A319,F-GRHJ
A319,F-GRHK
A319,F-GRHM
A319,F-GRHN
A319,F-GRHO
A319,F-GRHP
A319,F-GRHQ
A319,F-GRHT
A319,F-GRHU
A319,F-GRHV
A319,F-GRHY
A319,F-GRHZ
A319,F-GRXB
A319,F-GRXC
A319,F-GRXD
A319,F-GRXE
A319,F-GRXF
A319,F-GRXJ
A319,F-GRXK
A319,F-GRXM
A321,F-GTAD
A321,F-GTAE
A321,F-GTAH
A321,F-GTAJ
A321,F-GTAK
A321,F-GTAM
A321,F-GTAO
A321,F-GTAP
A321,F-GTAQ
A321,F-GTAS
A321,F-GTAT
A321,F-GTAU
A321,F-GTAX
A321,F-GTAY
A321,F-GTAZ
A320,F-HBIO
A320,F-HBIX
A319,F-HBMI
A320,F-HBNA
A320,F-HBNB
A320,F-HBNC
A320,F-HBND
A320,F-HBNE
A320,F-HBNF
A320,F-HBNG
A320,F-HBNI
A320,F-HBNJ
A320,F-HBNK
A320,F-HBNL
A320,F-HBSA
A319,F-HCZI
A320,F-HEPA
A320,F-HEPC
A320,F-HEPF
A320,F-HEPG
A320,F-HEPH
A320,F-HZDP
A320,F-HZFM
A320,F-HZPG
A320,F-OJSB
A319,G-DBCA
A319,G-DBCF
A319,G-DBCH
A319,G-DBCJ
A319,G-DBCK
A321,G-DHJH
A319,G-EJAR
A319,G-EUOA
A319,G-EUOB
A319,G-EUOC
A319,G-EUOD
A319,G-EUOE
A319,G-EUOF
A319,G-EUOH
A319,G-EUOI
A319,G-EUPA
A319,G-EUPB
A319,G-EUPC
A319,G-EUPD
A319,G-EUPE
A319,G-EUPF
A319,G-EUPH
A319,G-EUPJ
A319,G-EUPK
A319,G-EUPL
A319,G-EUPM
A319,G-EUPN
A319,G-EUPO
A319,G-EUPP
A319,G-EUPR
A319,G-EUPS
A319,G-EUPT
A319,G-EUPU
A319,G-EUPV
A319,G-EUPW
A319,G-EUPX
A319,G-EUPY
A319,G-EUPZ
A320,G-EUUA
A320,G-EUUB
A320,G-EUUC
A320,G-EUUD
A320,G-EUUF
A320,G-EUUG
A320,G-EUUH
A320,G-EUUI
A320,G-EUUJ
A320,G-EUUK
A320,G-EUUM
A320,G-EUUN
A320,G-EUUO
A320,G-EUUP
A320,G-EUUR
A320,G-EUUS
A320,G-EUUT
A320,G-EUUU
A320,G-EUUV
A320,G-EUUW
A320,G-EUUX
A320,G-EUUY
A320,G-EUUZ
A321,G-EUXC
A321,G-EUXD
A321,G-EUXE
A321,G-EUXF
A321,G-EUXG
A321,G-EUXI
A321,G-EUXL
A321,G-EUXM
A320,G-EUYA
A320,G-EUYC
A320,G-EUYD
A320,G-EUYE
A320,G-EUYF
A320,G-EUYG
A320,G-EUYH
A320,G-EUYJ
A320,G-EUYK
A320,G-EUYL
A320,G-EUYM
A320,G-EUYN
A320,G-EUYO
A320,G-EUYP
A320,G-EUYR
A320,G-EUYS
A320,G-EUYU
A320,G-EUYV
A320,G-EUYW
A320,G-EUYX
A320,G-EUYY
A319,G-EZAA
A319,G-EZAB
A319,G-EZAC
A319,G-EZAF
A319,G-EZAG
A319,G-EZAI
A319,G-EZAJ
A319,G-EZAK
A319,G-EZAL
A319,G-EZAM
A319,G-EZAN
A319,G-EZAO
A319,G-EZAP
A319,G-EZAS
A319,G-EZAT
A319,G-EZAU
A319,G-EZAV
A319,G-EZAW
A319,G-EZAX
A319,G-EZAY
A319,G-EZAZ
A319,G-EZBA
A319,G-EZBB
A319,G-EZBC
A319,G-EZBD
A319,G-EZBE
A319,G-EZBF
A319,G-EZBG
A319,G-EZBH
A319,G-EZBI
A319,G-EZBK
A319,G-EZBL
A319,G-EZBM
A319,G-EZBN
A319,G-EZBO
A319,G-EZBT
A319,G-EZBU
A319,G-EZBV
A319,G-EZBW
A319,G-EZBX
A319,G-EZBY
A319,G-EZBZ
A319,G-EZDB
A319,G-EZDC
A319,G-EZDD
A319,G-EZDE
A319,G-EZDF
A319,G-EZDI
A319,G-EZDJ
A319,G-EZDK
A319,G-EZDL
A319,G-EZDM
A319,G-EZDN
A319,G-EZDO
A319,G-EZDP
A319,G-EZDR
A319,G-EZDS
A319,G-EZDT
A319,G-EZDU
A319,G-EZDV
A319,G-EZDW
A319,G-EZDY
A319,G-EZDZ
A319,G-EZEB
A319,G-EZED
A319,G-EZEG
A319,G-EZEH
A319,G-EZEV
A319,G-EZEW
A319,G-EZEZ
A319,G-EZFA
A319,G-EZFB
A319,G-EZFC
A319,G-EZFD
A319,G-EZFE
A319,G-EZFF
A319,G-EZFG
A319,G-EZFH
A319,G-EZFI
A319,G-EZFJ
A319,G-EZFK
A319,G-EZFL
A319,G-EZFM
A319,G-EZFN
A319,G-EZFO
A319,G-EZFP
A319,G-EZFR
A319,G-EZFS
A319,G-EZFT
A319,G-EZFU
A319,G-EZFV
A319,G-EZFW
A319,G-EZFX
A319,G-EZFZ
A319,G-EZGA
A319,G-EZGB
A319,G-EZGD
A319,G-EZGE
A319,G-EZIH
A319,G-EZII
A319,G-EZIJ
A319,G-EZIK
A319,G-EZIL
A319,G-EZIM
A319,G-EZIN
A319,G-EZIR
A319,G-EZIS
A319,G-EZIT
A319,G-EZIV
A319,G-EZIW
A319,G-EZIX
A319,G-EZIZ
A319,G-EZMH
A319,G-EZMK
A319,G-EZNC
A320,G-EZOB
A320,G-EZOC
A320,G-EZOE
A320,G-EZOF
A320,G-EZOG
A320,G-EZOH
A320,G-EZOI
A320,G-EZOJ
A320,G-EZOK
A320,G-EZOL
A320,G-EZOM
A320,G-EZON
A320,G-EZOO
A320,G-EZOP
A320,G-EZOR
A320,G-EZOT
A320,G-EZOU
A320,G-EZOV
A320,G-EZOW
A320,G-EZOX
A320,G-EZOY
A320,G-EZOZ
A320,G-EZPA
A320,G-EZPC
A320,G-EZPD
A320,G-EZPE
A320,G-EZPF
A319,G-EZPG
A320,G-EZPH
A320,G-EZPI
A320,G-EZPJ
A320,G-EZPK
A320,G-EZPL
A319,G-EZSM
A320,G-EZTA
A320,G-EZTB
A320,G-EZTC
A320,G-EZTD
A320,G-EZTE
A320,G-EZTG
A320,G-EZTH
A320,G-EZTI
A320,G-EZTJ
A320,G-EZTK
A320,G-EZTL
A320,G-EZTM
A320,G-EZTR
A320,G-EZTV
A320,G-EZTX
A320,G-EZTY
A320,G-EZTZ
A320,G-EZUA
A320,G-EZUD
A320,G-EZUF
A320,G-EZUG
A320,G-EZUH
A320,G-EZUI
A320,G-EZUJ
A320,G-EZUK
A320,G-EZUL
A320,G-EZUN
A320,G-EZUO
A320,G-EZUP
A320,G-EZUR
A320,G-EZUS
A320,G-EZUT
A320,G-EZUW
A320,G-EZUZ
A320,G-EZWA
A320,G-EZWB
A320,G-EZWC
A320,G-EZWD
A320,G-EZWF
A320,G-EZWH
A320,G-EZWI
A320,G-EZWJ
A320,G-EZWK
A320,G-EZWL
A320,G-EZWM
A320,G-EZWP
A320,G-EZWR
A320,G-EZWS
A320,G-EZWT
A320,G-EZWU
A320,G-EZWV
A320,G-EZWW
A320,G-EZWX
A320,G-EZWY
A320,G-EZWZ
A320,G-GATH
A320,G-GATK
A320,G-GATL
A320,G-GATM
A320,G-GATN
A320,G-GATR
A320,G-GATS
A321,G-MARA
A321,G-MEDJ
A320,G-MEDK
A321,G-MEDL
A321,G-MEDM
A321,G-MEDN
A320,G-MIDO
A320,G-MIDT
A320,G-MIDY
A321,G-NIKO
A319,G-OACJ
A321,G-OJEG
A321,G-OZBE
A321,G-OZBF
A321,G-OZBG
A321,G-OZBH
A321,G-OZBI
A321,G-OZBL
A321,G-OZBM
A321,G-OZBN
A321,G-OZBR
A321,G-OZBT
A321,G-OZBU
A320,G-OZBW
A320,G-OZBX
A321,G-OZBZ
A320,G-POWI
A320,G-POWK
A320,G-POWM
A321,G-TCDA
A321,G-TCDB
A321,G-TCDC
A321,G-TCDD
A321,G-TCDE
A321,G-TCDF
A321,G-TCDG
A321,G-TCDH
A321,G-TCDJ
A321,G-TCDK
A321,G-TCDL
A321,G-TCDM
A321,G-TCDN
A321,G-TCDO
A321,G-TCDV
A321,G-TCDW
A321,G-TCDX
A321,G-TCDY
A321,G-TCDZ
A320,G-TTOB
A320,G-TTOE
A321,G-ZBAD
A321,G-ZBAF
A321,G-ZBAG
A320,G-ZBAH
A321,G-ZBAJ
A321,G-ZBAL
A321,G-ZBAM
A321,G-ZBAO
A320,G-ZBAP
A320,G-ZBAR
A320,G-ZBAS
A320,G-ZBAT
A320,G-ZBAU
A320,H4-BUS
A320,HA-LPJ
A320,HA-LPK
A320,HA-LPL
A320,HA-LPM
A320,HA-LPN
A320,HA-LPO
A320,HA-LPQ
A320,HA-LPS
A320,HA-LPT
A320,HA-LPU
A320,HA-LPV
A320,HA-LPW
A320,HA-LPX
A320,HA-LPY
A320,HA-LPZ
A320,HA-LWA
A320,HA-LWB
A320,HA-LWD
A320,HA-LWE
A320,HA-LWF
A320,HA-LWG
A320,HA-LWH
A320,HA-LWI
A320,HA-LWJ
A320,HA-LWK
A320,HA-LWL
A320,HA-LWM
A320,HA-LWN
A320,HA-LWO
A320,HA-LWP
A320,HA-LWQ
A320,HA-LWR
A320,HA-LWS
A320,HA-LWT
A320,HA-LWU
A320,HA-LWV
A320,HA-LWX
A320,HA-LWY
A320,HA-LWZ
A321,HA-LXA
A321,HA-LXB
A321,HA-LXC
A321,HA-LXD
A321,HA-LXE
A321,HA-LXF
A320,HA-LYA
A320,HA-LYC
A320,HA-LYD
A320,HA-LYE
A320,HA-LYF
A320,HA-LYG
A320,HA-LYH
A320,HA-LYI
A320,HA-LYJ
A320,HA-LYK
A320,HA-LYL
A320,HA-LYM
A320,HA-LYN
A320,HA-LYO
A320,HA-LYP
A320,HA-LYQ
A320,HA-LYR
A320,HA-LYS
A320,HA-LYT
A320,HA-LYU
A320,HA-LYV
A320,HB-IHY
A320,HB-IJB
A320,HB-IJD
A320,HB-IJE
A320,HB-IJF
A320,HB-IJH
A320,HB-IJJ
A320,HB-IJM
A320,HB-IJN
A320,HB-IJQ
A320,HB-IJR
A320,HB-IJS
A320,HB-IJV
A320,HB-IJW
A320,HB-IJX
A321,HB-IOC
A321,HB-IOD
A321,HB-IOF
A321,HB-IOH
A321,HB-IOK
A321,HB-IOL
A321,HB-IOM
A321,HB-ION
A321,HB-IOO
A320,HB-IOP
A320,HB-IOQ
A320,HB-IOR
A319,HB-IOX
A320,HB-IOZ
A319,HB-IPT
A319,HB-IPU
A319,HB-IPV
A319,HB-IPX
A319,HB-IPY
A320,HB-JLP
A320,HB-JLQ
A320,HB-JLR
A320,HB-JLS
A319,HB-JOG
A319,HB-JOH
A319,HB-JOY
A320,HB-JXA
A320,HB-JXB
A320,HB-JXC
A320,HB-JXD
A320,HB-JXE
A320,HB-JYA
A319,HB-JYB
A319,HB-JYC
A320,HB-JYD
A320,HB-JYE
A319,HB-JYF
A319,HB-JYG
A319,HB-JYH
A319,HB-JYI
A319,HB-JYJ
A319,HB-JYK
A319,HB-JYL
A319,HB-JYM
A319,HB-JYN
A320,HB-JZR
A320,HB-JZX
A320,HB-JZY
A320,HB-JZZ
A319,HC-CQU
A320,HK-4861
A321,HL7722
A320,HL7737
A321,HL8038
A321,HL8257
A321,HL8279
A320,HS-ABE
A320,HS-ABM
A320,HS-ABN
A320,HS-ABO
A320,HS-ABQ
A320,HS-BBV
A319,HS-PPF
A320,HS-TXC
A320,HZ-A15
A320,HZ-AS12
A320,HZ-AS16
A320,HZ-AS18
A320,HZ-AS22
A320,HZ-AS36
A320,HZ-ASB
A320,HZ-ASC
A320,HZ-ASE
A320,HZ-ASF
A321,HZ-ASK
A321,HZ-ASL
A321,HZ-ASN
A321,HZ-ASU
A321,HZ-ASV
A320,I-BIKI
A320,I-BIKO
A321,I-BIXK
A321,I-BIXP
A321,I-BIXS
A320,I-WEBA
A320,JA01JJ
A320,JA01VA
A320,JA02JJ
A320,JA02VA
A320,JA03JJ
A320,JA03VA
A320,JA04VA
A320,JA05MC
A320,JA05VA
A320,JA06JJ
A320,JA06VA
A320,JA07JJ
A320,JA07MC
A320,JA07VA
A320,JA08VA
A320,JA09JJ
A320,JA09MC
A320,JA10JJ
A320,JA11JJ
A320,JA13JJ
A320,JA14JJ
A320,JA15JJ
A320,JA16JJ
A320,JA17JJ
A320,JA18JJ
A320,JA19JJ
A320,JA20JJ
A320,JA20MC
A320,JA21MC
A320,JA22MC
A320,JA23MC
A320,JA805P
A320,JA806P
A320,JA810P
A320,JA812P
A320,JA816P
A320,JA8300
A320,JA8304
A320,JA8313
A320,JA8396
A320,JA8400
A320,JA8609
A320,JA8654
A320,JA8946
A320,JA8947
A320,JA8997
A319,JY-AYM
A321,JY-AYT
A321,LN-RKI
A321,LN-RKK
A320,LV-BOI
A320,LV-BRY
A320,LV-CQS
A320,LY-COM
A320,LY-SPD
A320,LY-SPF
A320,LY-SPG
A320,LY-SPH
A320,LY-VEI
A320,LY-VEL
A320,LY-VEN
A320,LY-VEO
A320,LY-VEQ
A319,LZ-AOA
A320,LZ-BHJ
A319,LZ-FBA
A319,LZ-FBB
A320,LZ-FBC
A320,LZ-FBD
A320,LZ-FBE
A320,LZ-LAA
A320,LZ-MDO
A321,LZ-PMZ
A321,N101NN
A321,N102NN
A320,N102UW
A321,N103NN
A320,N103US
A321,N104NN
A320,N104UW
A321,N105NN
A320,N105UW
A321,N106NN
A321,N107NN
A320,N107US
A321,N108NN
A320,N108UW
A321,N109NN
A320,N109UW
A321,N110AN
A321,N111ZM
A321,N112AN
A320,N112US
A321,N113AN
A320,N114UW
A321,N115NN
A321,N116AN
A321,N117AN
A321,N118NN
A321,N119NN
A320,N119US
A319,N12028
A321,N121AN
A320,N121UW
A321,N122NN
A320,N122US
A321,N123NN
A320,N123UW
A321,N124AA
A320,N124US
A320,N125UW
A321,N126AN
A320,N126UW
A321,N127AA
A320,N127UW
A321,N128AN
A320,N128UW
A321,N129AA
A321,N130AN
A321,N131NN
A321,N132AN
A321,N133AN
A321,N134AN
A321,N135NN
A321,N136AN
A321,N137AA
A321,N138AN
A321,N140AN
A321,N141NN
A321,N143AN
A321,N144AN
A321,N145AN
A321,N146AA
A321,N147AA
A321,N148AN
A321,N149AN
A321,N150NN
A321,N150UW
A321,N151AN
A321,N151UW
A321,N152AA
A321,N152UW
A321,N153AN
A321,N153UW
A321,N154AA
A321,N154UW
A321,N155NN
A321,N155UW
A321,N156AN
A321,N156UW
A321,N157AA
A321,N157UW
A321,N158AN
A321,N159AN
A321,N160AN
A321,N161AA
A321,N162AA
A321,N162UW
A321,N163AA
A321,N163US
A321,N165US
A321,N169UW
A321,N171US
A321,N172US
A321,N174US
A321,N176UW
A321,N177US
A321,N178US
A321,N179UW
A321,N180US
A321,N181UW
A321,N182UW
A321,N183UW
A321,N184US
A321,N185UW
A321,N187US
A321,N188US
A321,N189UW
A321,N190UW
A321,N191UW
A321,N192UW
A321,N193UW
A321,N194UW
A321,N195UW
A321,N196UW
A321,N197UW
A321,N198UW
A321,N199UW
A320,N201FR
A320,N202FR
A320,N203FR
A320,N205FR
A320,N206FR
A320,N207FR
A320,N208FR
A320,N209FR
A320,N210FR
A320,N211FR
A320,N213FR
A320,N214FR
A320,N216FR
A320,N216NV
A320,N217NV
A320,N218FR
A320,N218NV
A320,N219FR
A320,N219NV
A320,N220FR
A320,N220NV
A320,N221NV
A320,N222NV
A320,N223FR
A320,N223NV
A320,N224NV
A320,N225NV
A320,N226NV
A320,N227FR
A320,N227NV
A320,N228FR
A320,N228NV
A320,N229FR
A320,N229NV
A320,N230FR
A320,N232FR
A320,N233FR
A320,N234NV
A320,N281VA
A320,N282VA
A320,N283VA
A320,N284VA
A320,N285VA
A320,N286VA
A321,N301DN
A319,N301NV
A321,N302DN
A319,N302NV
A321,N303DN
A319,N303NV
A319,N304NV
A319,N305NV
A319,N306NV
A319,N307NV
A319,N308NV
A320,N309US
A319,N310NV
A320,N310NW
A319,N311NV
A320,N313US
A319,N314NB
A320,N314US
A319,N315NB
A320,N315US
A319,N316NB
A320,N316US
A319,N317NB
A320,N317US
A319,N318NB
A320,N318US
A319,N319NB
A320,N319US
A319,N320NB
A319,N321NB
A319,N322NB
A319,N323NB
A320,N323US
A319,N324NV
A320,N324US
A319,N325NB
A319,N325NV
A320,N325US
A319,N326NB
A319,N326NV
A320,N326US
A319,N327NB
A319,N327NV
A320,N327NW
A319,N328NB
A319,N328NV
A320,N328NW
A319,N329NB
A320,N329NW
A319,N330NB
A320,N331NW
A319,N332NB
A320,N332NW
A319,N333NB
A319,N334NB
A320,N334NW
A319,N335NB
A320,N335NW
A319,N336NB
A320,N336NW
A319,N337NB
A320,N337NW
A319,N338NB
A320,N338NW
A319,N339NB
A320,N339NW
A319,N340NB
A320,N340NW
A319,N341NB
A320,N341NW
A319,N342NB
A320,N342NW
A319,N343NB
A320,N343NW
A319,N344NB
A319,N345NB
A320,N345NW
A319,N346NB
A319,N348NB
A320,N348NW
A319,N349NB
A320,N349NW
A320,N350NA
A319,N351NB
A320,N351NW
A319,N352NB
A319,N353NB
A320,N353NW
A319,N354NB
A320,N354NW
A319,N355NB
A320,N355NW
A320,N356NW
A319,N357NB
A320,N357NW
A319,N358NB
A320,N358NW
A319,N359NB
A320,N359NW
A319,N360NB
A320,N360NW
A319,N361NB
A320,N361NW
A320,N361VA
A319,N362NB
A320,N362NW
A320,N362VA
A320,N363NW
A320,N363VA
A319,N364NB
A320,N364NW
A319,N365NB
A320,N365NW
A320,N366NW
A320,N367NW
A319,N368NB
A320,N368NW
A319,N369NB
A320,N369NW
A319,N370NB
A320,N370NW
A319,N371NB
A320,N371NW
A320,N372NW
A320,N373NW
A320,N374NW
A320,N375NC
A320,N376NW
A320,N377NW
A320,N378NW
A320,N401UA
A320,N402UA
A320,N403UA
A320,N404UA
A320,N405UA
A320,N406UA
A320,N407UA
A320,N408UA
A320,N409UA
A320,N410UA
A320,N411UA
A320,N412UA
A320,N413UA
A320,N414UA
A320,N415UA
A320,N416UA
A320,N417UA
A320,N418UA
A320,N419UA
A320,N420UA
A320,N421UA
A320,N422UA
A320,N424UA
A320,N425UA
A320,N427UA
A320,N428UA
A320,N429UA
A320,N430UA
A320,N431UA
A320,N432UA
A320,N433UA
A320,N434UA
A320,N435UA
A320,N438UA
A320,N439UA
A320,N440UA
A320,N441UA
A320,N442UA
A320,N444UA
A320,N445UA
A320,N447UA
A320,N449UA
A320,N452UA
A320,N454UA
A320,N455UA
A320,N456UA
A320,N457UA
A320,N460UA
A320,N461UA
A320,N462UA
A320,N463UA
A320,N464UA
A320,N465UA
A320,N466UA
A320,N467UA
A320,N469UA
A320,N470UA
A320,N471UA
A320,N472UA
A320,N473UA
A320,N474UA
A320,N476UA
A320,N478UA
A320,N479UA
A320,N480UA
A320,N481UA
A320,N482UA
A320,N483UA
A320,N484UA
A320,N485UA
A320,N486UA
A320,N487UA
A320,N488UA
A320,N489UA
A320,N490UA
A320,N491UA
A320,N492UA
A320,N493UA
A320,N494UA
A320,N495UA
A320,N496UA
A320,N497TA
A320,N497UA
A320,N498UA
A319,N501VL
A319,N502NK
A320,N503JB
A319,N503NK
A319,N503VL
A320,N504JB
A319,N504NK
A319,N504VL
A320,N505JB
A319,N505NK
A320,N506JB
A319,N506NK
A321,N507AY
A320,N507JT
A319,N507NK
A321,N508AY
A320,N508JL
A319,N508NK
A320,N508VL
A321,N509AY
A320,N509JB
A319,N509NK
A320,N509VL
A320,N510JB
A319,N510NK
A321,N510UW
A320,N511VL
A319,N512NK
A320,N513VL
A319,N514NK
A320,N514VL
A319,N515NK
A320,N515VL
A320,N516JB
A319,N516NK
A320,N517JB
A319,N517NK
A320,N517VL
A320,N519JB
A321,N519UW
A320,N519VL
A320,N520VL
A320,N521JB
A319,N521NK
A321,N521UW
A319,N521VA
A320,N521VL
A319,N522NK
A319,N522VA
A320,N523JB
A319,N523NK
A321,N523UW
A319,N523VA
A320,N524JB
A319,N524VA
A320,N524VL
A319,N525NK
A319,N525VA
A320,N525VL
A320,N526JL
A319,N526NK
A319,N526VA
A320,N527JL
A319,N527NK
A319,N527VA
A319,N528NK
A319,N528VA
A320,N529JB
A319,N529NK
A319,N529VA
A319,N530NK
A319,N530VA
A320,N531JL
A319,N531NK
A319,N532NK
A319,N533NK
A320,N534JB
A319,N534NK
A320,N535JB
A321,N535UW
A320,N536JB
A321,N536UW
A320,N537JT
A321,N537UW
A321,N538UW
A321,N542UW
A321,N543UW
A321,N544UW
A321,N545UW
A321,N546UW
A320,N547JB
A321,N549UW
A321,N551UW
A320,N552JB
A321,N552UW
A321,N553UW
A320,N554JB
A321,N554UW
A320,N556JB
A321,N556UW
A319,N557AV
A321,N557UW
A320,N558JB
A321,N558UW
A320,N559JB
A321,N559UW
A321,N560UW
A320,N561JB
A321,N561UW
A320,N562JB
A321,N563UW
A320,N564JB
A320,N565JB
A320,N566JB
A321,N567UW
A320,N568JB
A321,N568UW
A320,N569JB
A320,N570JB
A320,N571JB
A321,N572UW
A321,N573UW
A321,N575UW
A321,N576UW
A321,N578UW
A320,N579JB
A321,N579UW
A320,N580JB
A321,N580UW
A321,N581UW
A321,N582UW
A320,N583JB
A321,N583UW
A320,N584JB
A321,N584UW
A320,N585JB
A321,N585UW
A320,N586JB
A321,N586UW
A320,N587JB
A321,N587NK
A321,N587UW
A320,N588JB
A320,N589JB
A320,N590JB
A320,N591JB
A320,N592JB
A320,N593JB
A320,N594JB
A320,N595JB
A320,N597JB
A320,N598JB
A320,N599JB
A320,N601AW
A320,N601NK
A320,N602NK
A320,N603JB
A320,N604AW
A320,N604NK
A320,N605JB
A320,N605NK
A320,N606NK
A320,N607JB
A320,N607NK
A320,N608JB
A320,N608NK
A320,N609NK
A320,N611NK
A320,N612JB
A320,N612NK
A320,N613JB
A320,N613NK
A320,N614NK
A320,N615JB
A320,N615NK
A320,N616NK
A320,N617NK
A320,N618JB
A320,N618NK
A320,N619NK
A320,N620NK
A320,N621JB
A320,N621NK
A320,N621VA
A320,N622NK
A320,N622VA
A320,N623JB
A320,N623NK
A320,N623VA
A320,N624JB
A320,N624NK
A320,N624VA
A320,N625JB
A320,N625NK
A320,N625VA
A320,N626NK
A320,N626VA
A320,N627JB
A320,N627NK
A320,N627VA
A320,N628NK
A320,N628VA
A320,N629JB
A320,N629NK
A320,N629VA
A320,N630JB
A320,N630NK
A320,N630VA
A320,N631NK
A320,N631VA
A320,N632NK
A320,N632VA
A320,N633JB
A320,N633NK
A320,N633VA
A320,N634JB
A320,N634NK
A320,N634VA
A320,N635JB
A320,N635NK
A320,N635VA
A320,N636JB
A320,N636NK
A320,N636VA
A320,N637JB
A320,N637NK
A320,N637VA
A320,N638JB
A320,N638NK
A320,N638VA
A320,N639JB
A320,N639VA
A320,N640JB
A320,N640NK
A320,N640VA
A320,N641JB
A320,N641NK
A320,N641VA
A320,N642NK
A320,N642VA
A320,N643JB
A320,N643NK
A320,N644JB
A320,N644NK
A320,N645JB
A320,N645NK
A320,N646NK
A320,N647AW
A320,N648JB
A320,N649AW
A320,N649JB
A320,N651AW
A320,N651JB
A320,N652AW
A320,N652JB
A320,N653JB
A320,N655AW
A320,N655JB
A320,N656AW
A320,N656JB
A320,N657AW
A320,N657JB
A321,N657NK
A320,N658AW
A321,N658NK
A320,N659AW
A320,N659JB
A321,N659NK
A320,N660AW
A321,N660NK
A320,N661AW
A320,N661JB
A321,N661NK
A320,N662AW
A320,N662JB
A321,N662NK
A320,N663AW
A320,N663JB
A321,N663NK
A320,N664AW
A321,N664NK
A320,N665AW
A320,N665JB
A321,N665NK
A320,N667AW
A321,N667NK
A320,N668AW
A321,N668NK
A320,N669AW
A320,N672AW
A320,N673AW
A320,N675AW
A320,N678AW
A320,N679AW
A320,N680AW
A320,N685TA
A320,N686TA
A320,N687TA
A321,N692AV
A321,N693AV
A321,N697AV
A319,N70020
A321,N701FR
A321,N702FR
A319,N702UW
A319,N703AV
A320,N703JB
A319,N703UW
A321,N704FR
A319,N704US
A321,N705FR
A320,N705JB
A319,N705UW
A321,N706FR
A320,N706JB
A321,N708FR
A319,N708UW
A321,N709FR
A320,N709JB
A319,N709UW
A319,N710UW
A319,N711UW
A320,N712JB
A319,N713UW
A319,N714US
A320,N715JB
A319,N715UW
A319,N716UW
A319,N721UW
A319,N723UW
A319,N724UW
A319,N725UW
A320,N729JB
A319,N730US
A319,N733UW
A319,N737US
A319,N738US
A319,N740UW
A319,N741UW
A319,N742PS
A319,N744P
A319,N745VJ
A320,N746JB
A319,N746UW
A319,N747UW
A319,N748UW
A319,N749US
A319,N750UW
A319,N751UW
A319,N752US
A319,N753US
A319,N755US
A319,N756US
A319,N757UW
A319,N758US
A320,N760JB
A319,N760US
A320,N763AV
A320,N763JB
A319,N765US
A320,N766JB
A319,N766US
A320,N768JB
A319,N768US
A319,N769US
A319,N770UW
A320,N779JB
A320,N784JB
A320,N789JB
A320,N793JB
A320,N794JB
A319,N8001N
A319,N801AW
A319,N801UA
A319,N8027D
A319,N802AW
A319,N802UA
A319,N8030F
A319,N8031M
A319,N803AW
A319,N803UA
A320,N804JB
A319,N804UA
A320,N805JB
A319,N805UA
A319,N806AW
A320,N806JB
A319,N806UA
A319,N807AW
A320,N807JB
A319,N807UA
A319,N808AW
A319,N808UA
A319,N809AW
A320,N809JB
A319,N809UA
A319,N810AW
A319,N810UA
A319,N811UA
A319,N812UA
A319,N813AW
A319,N814AW
A319,N814UA
A319,N815AW
A319,N815UA
A319,N816AW
A319,N816UA
A319,N817AW
A319,N817UA
A319,N818AW
A319,N818UA
A319,N819AW
A319,N819UA
A319,N820AW
A319,N820UA
A319,N821AW
A320,N821JB
A319,N821UA
A319,N822AW
A319,N822UA
A319,N823AW
A319,N823UA
A319,N824AW
A319,N825AW
A319,N825UA
A319,N826AW
A319,N826UA
A319,N827AW
A320,N827JB
A319,N827UA
A319,N828AW
A320,N828JB
A319,N828UA
A319,N829AW
A319,N829UA
A319,N830AW
A319,N830UA
A319,N831AW
A319,N831UA
A319,N832AW
A319,N832UA
A319,N833AW
A319,N833UA
A319,N834AW
A320,N834JB
A319,N834UA
A319,N835AW
A319,N835UA
A320,N835VA
A319,N836AW
A319,N836UA
A320,N836VA
A319,N837AW
A319,N837UA
A320,N837VA
A319,N838AW
A319,N838UA
A320,N838VA
A319,N839AW
A320,N839VA
A319,N840AW
A319,N840UA
A320,N840VA
A319,N841UA
A320,N841VA
A320,N842VA
A319,N843UA
A320,N843VA
A319,N844UA
A320,N844VA
A319,N845UA
A320,N845VA
A319,N846UA
A320,N846VA
A319,N847UA
A320,N847VA
A319,N848UA
A320,N848VA
A319,N849UA
A320,N849VA
A319,N850UA
A319,N851UA
A320,N851VA
A319,N852UA
A320,N852VA
A319,N853UA
A320,N853VA
A319,N854UA
A320,N854VA
A320,N855VA
A319,N90024
A319,N9002U
A319,N9004F
A319,N9008U
A319,N9011P
A319,N9012
A319,N9013A
A319,N9015D
A319,N9016
A319,N9018E
A319,N9019F
A319,N9021H
A319,N9022G
A319,N9023N
A319,N9026C
A319,N9029F
A319,N902FR
A321,N903JB
A319,N905FR
A321,N905JB
A319,N906FR
A321,N907JB
A319,N910FR
A321,N912UY
A321,N913JB
A321,N913US
A321,N914UY
A321,N915US
A321,N916US
A321,N917UY
A319,N918FR
A321,N918US
A319,N919FR
A321,N919US
A319,N920FR
A321,N920US
A319,N921FR
A321,N921US
A319,N922FR
A321,N922US
A319,N923FR
A321,N923JB
A321,N923US
A321,N924US
A321,N925UY
A319,N926FR
A321,N926UW
A319,N927FR
A321,N927UW
A319,N928FR
A321,N929JB
A319,N93003
A319,N932FR
A319,N934FR
A321,N934JB
A319,N935FR
A321,N935JB
A321,N937JB
A319,N938FR
A319,N939FR
A319,N941FR
A321,N942JB
A319,N943FR
A321,N943JT
A321,N944JT
A321,N945JT
A321,N946JL
A319,N947FR
A321,N947JB
A319,N948FR
A321,N948JB
A319,N949FR
A321,N949JT
A321,N950JT
A319,N951FR
A319,N952FR
A321,N952JB
A319,N953FR
A319,N954FR
A321,N954JB
A321,N955JB
A321,N956JT
A321,N957JB
A321,N958JB
A321,N959JB
A321,N961JT
A321,N962JT
A321,N964JT
A321,N965JT
A321,N970UY
A321,N971UY
A321,N972UY
A321,N973UY
A321,N974UY
A321,N975UY
A321,N976UY
A321,N977UY
A321,N978UY
A321,N981UY
A321,N982VJ
A320,OD-MRN
A321,OE-LBA
A321,OE-LBB
A321,OE-LBC
A321,OE-LBE
A321,OE-LBF
A320,OE-LBI
A320,OE-LBJ
A320,OE-LBK
A320,OE-LBM
A320,OE-LBN
A320,OE-LBO
A320,OE-LBP
A320,OE-LBQ
A320,OE-LBR
A320,OE-LBS
A320,OE-LBT
A320,OE-LBU
A320,OE-LBV
A320,OE-LBW
A320,OE-LBX
A319,OE-LDA
A319,OE-LDD
A319,OE-LDF
A319,OE-LDG
A320,OE-LEC
A320,OE-LED
A320,OE-LEE
A320,OE-LEF
A320,OE-LEG
A320,OE-LEH
A320,OE-LEL
A321,OE-LES
A320,OE-LEU
A320,OE-LEX
A320,OE-LEY
A319,OE-LNA
A319,OE-LNB
A319,OE-LNC
A319,OE-LND
A319,OE-LNE
A321,OE-LNZ
A319,OH-LVB
A319,OH-LVC
A319,OH-LVD
A319,OH-LVG
A319,OH-LVH
A319,OH-LVK
A319,OH-LVL
A320,OH-LXA
A320,OH-LXC
A320,OH-LXD
A320,OH-LXH
A320,OH-LXI
A320,OH-LXL
A320,OH-LXM
A321,OH-LZA
A321,OH-LZB
A321,OH-LZD
A321,OH-LZE
A321,OH-LZF
A321,OH-LZG
A321,OH-LZH
A321,OH-LZI
A321,OH-LZL
A319,OK-MEK
A319,OK-MEL
A319,OK-NEM
A319,OK-NEN
A319,OK-NEO
A319,OK-NEP
A319,OK-OER
A319,OK-REQ
A320,OO-SNA
A320,OO-SNB
A320,OO-SNC
A320,OO-SND
A320,OO-SNE
A320,OO-SNF
A320,OO-SNG
A319,OO-SSA
A319,OO-SSB
A319,OO-SSC
A319,OO-SSD
A319,OO-SSE
A319,OO-SSF
A319,OO-SSG
A319,OO-SSH
A319,OO-SSI
A319,OO-SSJ
A319,OO-SSK
A319,OO-SSL
A319,OO-SSM
A319,OO-SSN
A319,OO-SSR
A319,OO-SSU
A319,OO-SSV
A319,OO-SSW
A320,OO-TCH
A320,OO-TCT
A320,OO-TCV
A320,OO-TCW
A320,OO-TCX
A320,OY-JRZ
A320,OY-KAL
A320,OY-KAM
A320,OY-KAN
A320,OY-KAO
A320,OY-KAP
A320,OY-KAR
A320,OY-KAS
A320,OY-KAT
A320,OY-KAU
A320,OY-KAW
A321,OY-KBB
A321,OY-KBE
A321,OY-KBH
A321,OY-KBK
A321,OY-KBL
A319,OY-KBO
A319,OY-KBR
A319,OY-KBT
A320,OY-LHD
A319,OY-RCG
A320,OY-RUS
A321,OY-TCD
A321,OY-TCE
A321,OY-TCF
A321,OY-TCG
A321,OY-TCH
A321,OY-TCI
A321,OY-VKC
A321,OY-VKD
A320,P4-AAA
A320,P4-AAC
A320,P4-AAD
A320,P4-KBA
A321,P4-KDA
A321,P4-OAS
A320,PK-AXD
A320,PK-AXF
A320,PK-AXH
A320,PK-AXJ
A320,PK-AXR
A320,PK-AXS
A320,PK-AXU
A320,PK-AXV
A320,PK-AXX
A320,PK-AZE
A320,PK-AZF
A320,PK-AZG
A320,PK-AZI
A320,PK-AZJ
A320,PK-GLP
A320,PK-GLT
A320,PK-GQA
A320,PK-GQC
A320,PK-GQL
A320,PK-GQN
A320,PK-LAH
A320,PK-LAR
A320,PK-LAY
A319,PR-AVB
A320,PR-AVP
A320,PR-AVR
A320,PR-AVU
A320,PR-MAG
A320,PR-MAK
A320,PR-MAP
A320,PR-MBA
A320,PR-MBX
A320,PR-MBY
A320,PR-MBZ
A320,PR-MHB
A320,PR-MHJ
A320,PR-MHM
A320,PR-MHX
A320,PR-MHY
A320,PR-MHZ
A320,PR-MYE
A319,PR-MYM
A320,PR-MYX
A320,PR-OCB
A320,PR-OCD
A320,PR-OCH
A320,PR-OCI
A320,PR-OCQ
A320,PR-OCR
A320,PR-OCV
A320,PR-OCW
A320,PR-ONK
A320,PR-ONX
A320,PR-ONZ
A320,PR-TYD
A320,PR-TYG
A321,PT-MXA
A321,PT-MXD
A321,PT-MXE
A321,PT-MXH
A321,PT-MXJ
A321,PT-MXN
A321,PT-MXP
A321,PT-MXQ
A320,PT-MZG
A320,PT-MZI
A320,PT-MZJ
A320,PT-MZW
A319,PT-TMC
A319,PT-TMF
A319,PT-TMI
A321,PT-XPE
A321,PT-XPF
A321,PT-XPM
A321,PT-XPO
A321,PT-XPQ
A320,RP-C3237
A320,RP-C3278
A320,RP-C8619
A321,RP-C9902
A321,RP-C9907
A321,RP-C9915
A321,RP-C9918
A319,S5-AAP
A319,S5-AAX
A321,SE-RDO
A320,SE-RJE
A320,SE-RJF
A320,SP-HAB
A320,SP-HAC
A320,SP-HAD
A320,SP-HAG
A320,SP-HAH
A320,SP-HAI
A320,SU-BPV
A320,SU-BQC
A320,SU-BSM
A320,SU-GBF
A320,SU-TCE
A320,SU-TCF
A319,SX-BHN
A321,SX-DGA
A320,SX-DGB
A320,SX-DGC
A320,SX-DGE
A320,SX-DGI
A320,SX-DGJ
A320,SX-DGK
A320,SX-DGN
A321,SX-DGP
A320,SX-DGR
A321,SX-DGS
A321,SX-DGT
A320,SX-DGV
A320,SX-DGW
A320,SX-DGY
A320,SX-DGZ
A320,SX-DIO
A320,SX-DNA
A320,SX-DNB
A320,SX-DNC
A320,SX-DND
A320,SX-DNE
A320,SX-DVG
A320,SX-DVH
A320,SX-DVI
A320,SX-DVJ
A320,SX-DVL
A320,SX-DVN
A321,SX-DVP
A320,SX-DVQ
A320,SX-DVR
A320,SX-DVW
A320,SX-DVX
A320,SX-DVY
A319,SX-EMM
A320,T7-MRC
A320,T7-MRE
A320,T7-MRF
A320,TC-AGO
A321,TC-ATB
A321,TC-ATE
A321,TC-ATF
A320,TC-ATK
A320,TC-ATT
A321,TC-ATY
A320,TC-DCB
A320,TC-DCC
A320,TC-DCF
A320,TC-DCH
A320,TC-DCI
A320,TC-DCL
A321,TC-ETF
A321,TC-ETJ
A321,TC-ETM
A321,TC-ETV
A320,TC-FBO
A320,TC-FBR
A320,TC-FBV
A320,TC-FHB
A320,TC-FHC
A320,TC-FHE
A320,TC-JAI
A319,TC-JLM
A319,TC-JLO
A319,TC-JLR
A319,TC-JLS
A319,TC-JLT
A319,TC-JLU
A319,TC-JLV
A319,TC-JLZ
A321,TC-JMH
A321,TC-JMI
A321,TC-JMJ
A321,TC-JMK
A321,TC-JMN
A320,TC-JPA
A320,TC-JPC
A320,TC-JPD
A320,TC-JPH
A320,TC-JPI
A320,TC-JPJ
A320,TC-JPL
A320,TC-JPM
A320,TC-JPO
A320,TC-JPP
A320,TC-JPR
A320,TC-JPS
A320,TC-JPT
A320,TC-JPU
A320,TC-JPY
A321,TC-JRA
A321,TC-JRB
A321,TC-JRC
A321,TC-JRD
A321,TC-JRF
A321,TC-JRH
A321,TC-JRJ
A321,TC-JRK
A321,TC-JRM
A321,TC-JRN
A321,TC-JRO
A321,TC-JRR
A321,TC-JRS
A321,TC-JRT
A321,TC-JRU
A321,TC-JRV
A321,TC-JRY
A321,TC-JRZ
A321,TC-JSB
A321,TC-JSC
A321,TC-JSD
A321,TC-JSE
A321,TC-JSF
A321,TC-JSH
A321,TC-JSI
A321,TC-JSJ
A321,TC-JSL
A321,TC-JSM
A321,TC-JSN
A321,TC-JSO
A321,TC-JSP
A321,TC-JSV
A321,TC-JSY
A321,TC-JSZ
A321,TC-JTA
A321,TC-JTD
A321,TC-JTE
A321,TC-JTF
A321,TC-JTH
A321,TC-JTI
A321,TC-JTJ
A321,TC-JTL
A319,TC-JUD
A320,TC-JUG
A320,TC-JUK
A321,TC-OBK
A320,TC-OBL
A320,TC-OBO
A320,TC-OBS
A320,TC-OBU
A320,TC-ODA
A321,TC-ONJ
A321,TF-DAD
A321,TF-GMA
A321,TF-KID
A321,TF-MOM
A321,TF-SON
A320,TS-IMR
A320,TS-IMW
A320,TS-INB
A320,TS-INO
A320,TS-INP
A320,UK32014
A321,UR-WRI
A321,UR-WRJ
A320,UR-WRM
A319,V5-ANK
A319,V5-ANL
A320,V8-RBT
A320,V8-RBU
A320,VH-FNP
A320,VH-JQG
A320,VH-VFF
A320,VH-VFH
A320,VH-VFI
A320,VH-VFJ
A320,VH-VFL
A320,VH-VFO
A320,VH-VFP
A320,VH-VFQ
A320,VH-VFT
A320,VH-VFU
A320,VH-VFV
A320,VH-VFX
A320,VH-VGA
A320,VH-VGF
A320,VH-VGH
A320,VH-VGI
A320,VH-VGJ
A320,VH-VGN
A320,VH-VGO
A320,VH-VGP
A320,VH-VGQ
A320,VH-VGR
A320,VH-VGT
A320,VH-VGU
A320,VH-VGV
A320,VH-VGY
A320,VH-VGZ
A320,VH-VNB
A320,VH-VNC
A320,VH-VND
A320,VH-VNF
A320,VH-VNG
A320,VH-VNH
A320,VH-VNJ
A320,VH-VNK
A320,VH-VNO
A320,VH-VNP
A320,VH-VNQ
A320,VH-VNR
A320,VH-VQA
A320,VH-VQC
A320,VH-VQE
A320,VH-VQF
A320,VH-VQG
A320,VH-VQH
A320,VH-VQJ
A320,VH-VQK
A320,VH-VQL
A320,VH-VQM
A320,VH-VQP
A320,VH-VQQ
A320,VH-VQS
A320,VH-VQU
A320,VH-VQW
A320,VH-VQZ
A321,VH-VWU
A321,VH-VWW
A321,VH-VWX
A321,VH-VWY
A321,VH-VWZ
A320,VH-XSJ
A320,VH-XUG
A320,VH-XUH
A320,VH-YUD
A321,VN-A366
A320,VN-A555
A321,VN-A601
A321,VN-A602
A321,VN-A612
A320,VN-A655
A320,VN-A676
A319,VP-BBG
A321,VP-BBH
A320,VP-BBN
A319,VP-BBT
A319,VP-BBU
A320,VP-BCP
A320,VP-BCS
A320,VP-BCU
A320,VP-BCZ
A321,VP-BDC
A320,VP-BDK
A320,VP-BDL
A319,VP-BDM
A319,VP-BDN
A319,VP-BDY
A319,VP-BDZ
A320,VP-BEO
A320,VP-BET
A320,VP-BFZ
A321,VP-BGH
A319,VP-BHG
A319,VP-BHI
A319,VP-BHJ
A319,VP-BHK
A319,VP-BHL
A319,VP-BHP
A319,VP-BHQ
A319,VP-BHV
A320,VP-BHW
A320,VP-BHX
A320,VP-BHZ
A320,VP-BID
A320,VP-BIE
A319,VP-BIQ
A319,VP-BIT
A319,VP-BIU
A319,VP-BJV
A320,VP-BJW
A320,VP-BJY
A320,VP-BKB
A320,VP-BKC
A320,VP-BKX
A320,VP-BLH
A320,VP-BLL
A320,VP-BLP
A320,VP-BLR
A320,VP-BMF
A320,VP-BMT
A320,VP-BMW
A319,VP-BNB
A320,VP-BNL
A319,VP-BNN
A320,VP-BNT
A321,VP-BOC
A321,VP-BOE
A320,VP-BOJ
A320,VP-BOL
A320,VP-BOM
A321,VP-BPC
A319,VP-BQK
A320,VP-BQP
A321,VP-BQT
A320,VP-BQU
A320,VP-BQV
A320,VP-BQW
A321,VP-BQX
A321,VP-BRD
A320,VP-BRX
A320,VP-BRY
A319,VP-BTE
A319,VP-BTF
A321,VP-BTG
A320,VP-BTI
A321,VP-BTL
A319,VP-BTN
A319,VP-BTO
A319,VP-BTP
A319,VP-BTQ
A321,VP-BTR
A319,VP-BTS
A319,VP-BTT
A319,VP-BTU
A319,VP-BTV
A319,VP-BTW
A319,VP-BTX
A319,VP-BUK
A321,VP-BUM
A319,VP-BUN
A319,VP-BUO
A321,VP-BVP
A319,VP-BWA
A320,VP-BWD
A320,VP-BWE
A320,VP-BWF
A320,VP-BWH
A320,VP-BWI
A319,VP-BWJ
A319,VP-BWL
A321,VP-BWN
A321,VP-BWO
A320,VP-BZO
A320,VP-BZP
A320,VP-BZQ
A320,VP-BZR
A320,VP-BZS
A320,VP-CXF
A320,VP-CXH
A320,VP-CXI
A320,VP-CXK
A320,VP-CXN
A320,VP-CXQ
A320,VP-CXR
A320,VP-CXW
A320,VP-CXY
A320,VP-CXZ
A320,VQ-BAG
A319,VQ-BAQ
A319,VQ-BAR
A319,VQ-BAS
A319,VQ-BAT
A319,VQ-BAU
A319,VQ-BAV
A320,VQ-BAX
A319,VQ-BBA
A320,VQ-BBC
A319,VQ-BBD
A320,VQ-BCI
A320,VQ-BCM
A320,VQ-BCN
A319,VQ-BCO
A319,VQ-BCP
A321,VQ-BCX
A320,VQ-BCY
A320,VQ-BCZ
A321,VQ-BDA
A320,VQ-BDF
A320,VQ-BDJ
A320,VQ-BDM
A320,VQ-BDR
A321,VQ-BEA
A321,VQ-BEE
A321,VQ-BEF
A321,VQ-BEG
A320,VQ-BEH
A320,VQ-BEJ
A320,VQ-BES
A320,VQ-BET
A320,VQ-BFM
A320,VQ-BFV
A320,VQ-BFW
A321,VQ-BHK
A320,VQ-BHL
A321,VQ-BHM
A320,VQ-BHN
A320,VQ-BIR
A320,VQ-BIT
A320,VQ-BIU
A320,VQ-BIV
A320,VQ-BIW
A321,VQ-BKG
A321,VQ-BKH
A321,VQ-BKJ
A320,VQ-BKT
A320,VQ-BKU
A320,VQ-BLO
A320,VQ-BNI
A320,VQ-BNR
A320,VQ-BOA
A321,VQ-BOB
A321,VQ-BOC
A321,VQ-BOD
A321,VQ-BOE
A321,VQ-BOF
A321,VQ-BOH
A321,VQ-BOI
A321,VQ-BOZ
A320,VQ-BPL
A320,VQ-BPN
A320,VQ-BPU
A320,VQ-BPV
A320,VQ-BPW
A321,VQ-BQH
A321,VQ-BQI
A321,VQ-BQJ
A321,VQ-BQK
A320,VQ-BQN
A319,VQ-BQW
A320,VQ-BRC
A320,VQ-BRD
A320,VQ-BRE
A320,VQ-BRG
A320,VQ-BRV
A320,VQ-BRW
A320,VQ-BSG
A320,VQ-BSH
A320,VQ-BSI
A320,VQ-BSJ
A320,VQ-BSL
A321,VQ-BSQ
A320,VQ-BST
A320,VQ-BSU
A319,VQ-BTK
A319,VQ-BTL
A319,VQ-BTP
A319,VQ-BTY
A319,VQ-BTZ
A319,VQ-BWV
A320,XA-BAV
A320,XA-BIO
A320,XA-EBA
A320,XA-ECO
A320,XA-ING
A320,XA-VAE
A320,XA-VAI
A320,XA-VAK
A320,XA-VAP
A320,XA-VAV
A320,XA-VFI
A320,XA-VLB
A320,XA-VLC
A320,XA-VLD
A320,XA-VLK
A320,XA-VLL
A320,XA-VLM
A320,XA-VLP
A320,XA-VLS
A319,XA-VOB
A319,XA-VOC
A319,XA-VOD
A319,XA-VOE
A319,XA-VOG
A319,XA-VOH
A319,XA-VOJ
A319,XA-VOL
A320,XA-VON
A320,XA-VOY
A320,XA-VOZ
A320,XA-XII
A319,XY-AGU
A321,YI-AGR
A320,YL-LCK
A320,YL-LCM
A320,YL-LCO
A320,YL-LCP
A321,YL-LCQ
A320,YL-LCS
A320,YL-LCT
A319,YU-APA
A319,YU-APB
A319,YU-APC
A319,YU-APD
A320,YU-APG
A320,YU-APH
A319,YU-API
A319,YU-APJ
A319,Z-FJE
A320,ZK-OAB
A320,ZK-OJB
A320,ZK-OJC
A320,ZK-OJD
A320,ZK-OJE
A320,ZK-OJG
A320,ZK-OJH
A320,ZK-OJI
A320,ZK-OJK
A320,ZK-OJM
A320,ZK-OJN
A320,ZK-OJO
A320,ZK-OJQ
A320,ZK-OJS
A320,ZK-OXA
A320,ZK-OXB
A320,ZK-OXC
A320,ZK-OXD
A320,ZK-OXE
A320,ZK-OXG
A320,ZK-OXH
A320,ZK-OXI
A320,ZK-OXJ
A320,ZK-OXK
A320,ZK-OXL
A319,ZS-SFH
A319,ZS-SFI
A319,ZS-SFJ
A319,ZS-SFK
A319,ZS-SFL
A319,ZS-SFM
A320,ZS-SZB
A320,ZS-SZD
A320,ZS-SZE
A320,ZS-SZF
A320,ZS-SZG
A320,ZS-SZI
A320,ZS-SZJ
A320,ZS-SZY
