A319,G-DBCA
A319,G-DBCF
A319,G-DBCH
A319,G-DBCJ
A319,G-DBCK
A321,G-DHJH
A319,G-EJAR
A319,G-EUOA
A319,G-EUOB
A319,G-EUOC
A319,G-EUOD
A319,G-EUOE
A319,G-EUOF
A319,G-EUOH
A319,G-EUOI
A319,G-EUPA
A319,G-EUPB
A319,G-EUPC
A319,G-EUPD
A319,G-EUPE
A319,G-EUPF
A319,G-EUPH
A319,G-EUPJ
A319,G-EUPK
A319,G-EUPL
A319,G-EUPM
A319,G-EUPN
A319,G-EUPO
A319,G-EUPP
A319,G-EUPR
A319,G-EUPS
A319,G-EUPT
A319,G-EUPU
A319,G-EUPV
A319,G-EUPW
A319,G-EUPX
A319,G-EUPY
A319,G-EUPZ
A320,G-EUUA
A320,G-EUUB
A320,G-EUUC
A320,G-EUUD
A320,G-EUUF
A320,G-EUUG
A320,G-EUUH
A320,G-EUUI
A320,G-EUUJ
A320,G-EUUK
A320,G-EUUM
A320,G-EUUN
A320,G-EUUO
A320,G-EUUP
A320,G-EUUR
A320,G-EUUS
A320,G-EUUT
A320,G-EUUU
A320,G-EUUV
A320,G-EUUW
A320,G-EUUX
A320,G-EUUY
A320,G-EUUZ
A321,G-EUXC
A321,G-EUXD
A321,G-EUXE
A321,G-EUXF
A321,G-EUXG
A321,G-EUXI
A321,G-EUXL
A321,G-EUXM
A320,G-EUYA
A320,G-EUYC
A320,G-EUYD
A320,G-EUYE
A320,G-EUYF
A320,G-EUYG
A320,G-EUYH
A320,G-EUYJ
A320,G-EUYK
A320,G-EUYL
A320,G-EUYM
A320,G-EUYN
A320,G-EUYO
A320,G-EUYP
A320,G-EUYR
A320,G-EUYS
A320,G-EUYU
A320,G-EUYV
A320,G-EUYW
A320,G-EUYX
A320,G-EUYY
A319,G-EZAA
A319,G-EZAB
A319,G-EZAC
A319,G-EZAF
A319,G-EZAG
A319,G-EZAI
A319,G-EZAJ
A319,G-EZAK
A319,G-EZAL
A319,G-EZAM
A319,G-EZAN
A319,G-EZAO
A319,G-EZAP
A319,G-EZAS
A319,G-EZAT
A319,G-EZAU
A319,G-EZAV
A319,G-EZAW
A319,G-EZAX
A319,G-EZAY
A319,G-EZAZ
A319,G-EZBA
A319,G-EZBB
A319,G-EZBC
A319,G-EZBD
A319,G-EZBE
A319,G-EZBF
A319,G-EZBG
A319,G-EZBH
A319,G-EZBI
A319,G-EZBK
A319,G-EZBL
A319,G-EZBM
A319,G-EZBN
A319,G-EZBO
A319,G-EZBT
A319,G-EZBU
A319,G-EZBV
A319,G-EZBW
A319,G-EZBX
A319,G-EZBY
A319,G-EZBZ
A319,G-EZDB
A319,G-EZDC
A319,G-EZDD
A319,G-EZDE
A319,G-EZDF
A319,G-EZDI
A319,G-EZDJ
A319,G-EZDK
A319,G-EZDL
A319,G-EZDM
A319,G-EZDN
A319,G-EZDO
A319,G-EZDP
A319,G-EZDR
A319,G-EZDS
A319,G-EZDT
A319,G-EZDU
A319,G-EZDV
A319,G-EZDW
A319,G-EZDY
A319,G-EZDZ
A319,G-EZEB
A319,G-EZED
A319,G-EZEG
A319,G-EZEH
A319,G-EZEV
A319,G-EZEW
A319,G-EZEZ
A319,G-EZFA
A319,G-EZFB
A319,G-EZFC
A319,G-EZFD
A319,G-EZFE
A319,G-EZFF
A319,G-EZFG
A319,G-EZFH
A319,G-EZFI
A319,G-EZFJ
A319,G-EZFK
A319,G-EZFL
A319,G-EZFM
A319,G-EZFN
A319,G-EZFO
A319,G-EZFP
A319,G-EZFR
A319,G-EZFS
A319,G-EZFT
A319,G-EZFU
A319,G-EZFV
A319,G-EZFW
A319,G-EZFX
A319,G-EZFZ
A319,G-EZGA
A319,G-EZGB
A319,G-EZGD
A319,G-EZGE
A319,G-EZIH
A319,G-EZII
A319,G-EZIJ
A319,G-EZIK
A319,G-EZIL
A319,G-EZIM
A319,G-EZIN
A319,G-EZIR
A319,G-EZIS
A319,G-EZIT
A319,G-EZIV
A319,G-EZIW
A319,G-EZIX
A319,G-EZIZ
A319,G-EZMH
A319,G-EZMK
A319,G-EZNC
A320,G-EZOB
A320,G-EZOC
A320,G-EZOE
A320,G-EZOF
A320,G-EZOG
A320,G-EZOH
A320,G-EZOI
A320,G-EZOJ
A320,G-EZOK
A320,G-EZOL
A320,G-EZOM
A320,G-EZON
A320,G-EZOO
A320,G-EZOP
A320,G-EZOR
A320,G-EZOT
A320,G-EZOU
A320,G-EZOV
A320,G-EZOW
A320,G-EZOX
A320,G-EZOY
A320,G-EZOZ
A320,G-EZPA
A320,G-EZPC
A320,G-EZPD
A320,G-EZPE
A320,G-EZPF
A319,G-EZPG
A320,G-EZPH
A320,G-EZPI
A320,G-EZPJ
A320,G-EZPK
A320,G-EZPL
A319,G-EZSM
A320,G-EZTA
A320,G-EZTB
A320,G-EZTC
A320,G-EZTD
A320,G-EZTE
A320,G-EZTG
A320,G-EZTH
A320,G-EZTI
A320,G-EZTJ
A320,G-EZTK
A320,G-EZTL
A320,G-EZTM
A320,G-EZTR
A320,G-EZTV
A320,G-EZTX
A320,G-EZTY
A320,G-EZTZ
A320,G-EZUA
A320,G-EZUD
A320,G-EZUF
A320,G-EZUG
A320,G-EZUH
A320,G-EZUI
A320,G-EZUJ
A320,G-EZUK
A320,G-EZUL
A320,G-EZUN
A320,G-EZUO
A320,G-EZUP
A320,G-EZUR
A320,G-EZUS
A320,G-EZUT
A320,G-EZUW
A320,G-EZUZ
A320,G-EZWA
A320,G-EZWB
A320,G-EZWC
A320,G-EZWD
A320,G-EZWF
A320,G-EZWH
A320,G-EZWI
A320,G-EZWJ
A320,G-EZWK
A320,G-EZWL
A320,G-EZWM
A320,G-EZWP
A320,G-EZWR
A320,G-EZWS
A320,G-EZWT
A320,G-EZWU
A320,G-EZWV
A320,G-EZWW
A320,G-EZWX
A320,G-EZWY
A320,G-EZWZ
A320,G-GATH
A320,G-GATK
A320,G-GATL
A320,G-GATM
A320,G-GATN
A320,G-GATR
A320,G-GATS
A321,G-MARA
A321,G-MEDJ
A320,G-MEDK
A321,G-MEDL
A321,G-MEDM
A321,G-MEDN
A320,G-MIDO
A320,G-MIDT
A320,G-MIDY
A321,G-NIKO
A319,G-OACJ
A321,G-OJEG
A321,G-OZBE
A321,G-OZBF
A321,G-OZBG
A321,G-OZBH
A321,G-OZBI
A321,G-OZBL
A321,G-OZBM
A321,G-OZBN
A321,G-OZBR
A321,G-OZBT
A321,G-OZBU
A320,G-OZBW
A320,G-OZBX
A321,G-OZBZ
A320,G-POWI
A320,G-POWK
A320,G-POWM
A321,G-TCDA
A321,G-TCDB
A321,G-TCDC
A321,G-TCDD
A321,G-TCDE
A321,G-TCDF
A321,G-TCDG
A321,G-TCDH
A321,G-TCDJ
A321,G-TCDK
A321,G-TCDL
A321,G-TCDM
A321,G-TCDN
A321,G-TCDO
A321,G-TCDV
A321,G-TCDW
A321,G-TCDX
A321,G-TCDY
A321,G-TCDZ
A320,G-TTOB
A320,G-TTOE
A321,G-ZBAD
A321,G-ZBAF
A321,G-ZBAG
A320,G-ZBAH
A321,G-ZBAJ
A321,G-ZBAL
A321,G-ZBAM
A321,G-ZBAO
A320,G-ZBAP
A320,G-ZBAR
A320,G-ZBAS
A320,G-ZBAT
A320,G-ZBAU
